FU_iCCA_sample	OEP002768_patient	OEP002768_rna_id	OEP002768_wes_id
FU115	CCA#64	R21023815_F14_27_65	CCAT37
FU121	CCA#75	R21023834_F15_15_83	CCAT48
FU123	CCA#76	R21023836_F15_17_85	CCAT49
FU133	CCA#85	R21026689_F15_29_97	CCAT55
FU135	CCA#90	R21023843_F16_3_101	CCAT61
FU137	CCA#89	R21023841_F16_1_99	CCAT60
FU141	CCA#91	R21023845_F16_5_103	CCAT62
FU143	CCA#96		CCAT69
FU145	CCA#98	R21023853_F16_13_111	CCAT70
FU157	CCA#109		CCAT78
FU161	CCA#112	R21023865_F16_25_123	CCAT81
FU165	CCA#115	R21023867_F16_27_125	CCAT82
FU167	CCA#116	R21023869_F16_29_127	CCAT83
FU181	CCA#125	R21026706_F17_7_135	CCAT90
FU185	CCA#126	R21026708_F17_9_137	CCAT91
FU193	CCA#130	R21023758_F13_7_7	CCAT93
FU197	CCA#132		CCAT94
FU211	CCA#135		CCAT97
FU217	CCA#139		
FU221	CCA#140	R21026722_F17_23_151	CCAT102
FU223	CCA#143	R21026724_F17_25_153	CCAT103
FU231	CCA#145		CCAT106
FU235	CCA#147		CCAT108
FU241	CCA#124	R21023756_F13_5_5	CCAT7
FU243	CCA#152	R21026735_F18_5_163	CCAT112
FU247	CCA#153	R21026737_F18_7_165	CCAT113
FU251	CCA#155	R21026739_F18_9_167	CCAT34
FU253	CCA#159		CCAT116
FU255	CCA#160		
FU257	CCA#163		CCAT118
FU263	CCA#165		CCAT5
FU285	CCA#169	R21026741_F18_11_169	CCAT121
FU383	CCA#139		
