# Curated biology labels for ICC MINER programs (374-tumour network, 2026-10-04): the 40 programs with the largest
# risk weights. Evidence = two best signatures by activity correlation (07b, global mean regressed out) and top regulators
# (05 regulon families). Programs whose best |r| < ~0.6 are named by regulators. Program IDs refer to THIS network.
program	label	evidence
10	ZNF219/PPARG program	HABER2023_S6_JERBYARNON r 0.52; CHIANG_LIVER_CANCER_SUBCLASS_CTNNB1_UP r -0.5; ZNF219/PPARG/ESRRA
34	Poor survival / recurrence (Sia)	SIA2013_RECURRENCE_POOR r 0.69; SIA2013_SURVIVAL_POOR r 0.69; GABPB1/ZBTB16/FOXQ1
30	Hypoxia (CORE-37)	HALLMARK_HYPOXIA r 0.62; FAN2024_CORE37 r 0.61; ETS1/CTCF/RARG
68	SP1/ONECUT1 program	ACEVEDO_METHYLATED_IN_LIVER_CANCER_DN r -0.54; HABER2023_S6_JERBYARNON r 0.53; SP1/ZFX/ONECUT1
71	Large duct, class 2 (Lin SI)	LIN2026_SI r 0.98; ANDERSEN_CHOLANGIOCARCINOMA_CLASS2 r 0.96; FOSL1/NR2C2/GC
5	Differentiated (Dong S4)	DONG2022_S4_DIFFERENTIATION r 0.85; SONG2022_LARGE_DUCT r -0.85; BCL6/CEBPG/HOXA3
15	Inflammatory, Lin SI (TEAD3/SMAD3)	LIN2026_SI r 0.88; DONG2022_S1_INFLAMMATION r 0.86; TEAD3/SMAD3/GLI2
18	Inflammatory, ductal (Dong S1)	DONG2022_S1_INFLAMMATION r 0.89; GRUETZMANN_PANCREATIC_CANCER_UP r 0.83; GATA4/IRF9/ARID5A
115	Proliferation / MYC (G3-like)	BOYAULT_LIVER_CANCER_SUBCLASS_G3_UP r 0.89; HALLMARK_MYC_TARGETS_V1 r 0.86; ERG/ESRRA/EHF
66	Hepatic stem-like, small duct	MARTINSERRANO2023_HEPATIC_STEM_LIKE r 0.78; SONG2022_SMALL_DUCT r 0.76; NKX3-1/NFIX/FOXA1
82	NFKB1 checkpoint program	JOB2020_CHECKPOINT r 0.45; IIZUKA_LIVER_CANCER_PROGRESSION_L0_L1_UP r -0.44; NFKB1/ZNF143/KLF7
123	Tumour classical (STIM)	MARTINSERRANO2023_TUMOUR_CLASSICAL r 0.88; SIA2013_RECURRENCE_POOR r 0.84; SP1/E2F4/ELK1
28	Interferon-α response	HALLMARK_INTERFERON_ALPHA_RESPONSE r 0.71; GRUETZMANN_PANCREATIC_CANCER_UP r 0.7; IRF1/IRF5/TRAF4
41	Ductal / myofibroblast	GRUETZMANN_PANCREATIC_CANCER_UP r 0.86; JOB2020_MYOFIBROBLAST r 0.8; GATA3/HNF1A/NKX3-1
112	ZNF143/GABPB1 program	SATO_SILENCED_BY_METHYLATION_IN_PANCREATIC_CANCER_1 r -0.62; SAKAI_CHRONIC_HEPATITIS_VS_LIVER_CANCER_DN r -0.61; ZNF143/GABPB1/TTF1
21	TEAD3/BCL6 program	SIA2013_INFLAMMATION r -0.74; OISHI_CHOLANGIOMA_STEM_CELL_LIKE_DN r 0.74; TEAD3/BCL6/IRF2
35	Poor survival, ductal (BACH1/SPI1)	KIM_LIVER_CANCER_POOR_SURVIVAL_UP r 0.75; GRUETZMANN_PANCREATIC_CANCER_UP r 0.7; BACH1/SPI1/RUNX2
119	Proliferation / secretion (Sia)	SIA2013_PROLIFERATION r 0.77; HALLMARK_PROTEIN_SECRETION r 0.72; ZBTB16/STAT1/FOXJ3
42	Apical junction (Lin SI)	LIN2026_SI r 0.77; HALLMARK_APICAL_JUNCTION r 0.73; EBF1/FOXQ1/HLF
111	Proliferation (SMAD1/BPTF)	SIA2013_PROLIFERATION r 0.76; SAKAI_CHRONIC_HEPATITIS_VS_LIVER_CANCER_UP r 0.71; SMAD1/BPTF/ZNF691
50	Differentiated (Dong S4, stem-like)	DONG2022_S4_DIFFERENTIATION r 0.97; MARTINSERRANO2023_HEPATIC_STEM_LIKE r 0.96; GLIS2/POU6F1/RUNX2
23	Poor survival, ductal (MAFK)	KIM_LIVER_CANCER_POOR_SURVIVAL_UP r 0.82; GRUETZMANN_PANCREATIC_CANCER_UP r 0.82; MAFK/NKX3-1/ATF1
81	NK / T cells	JOB2020_NK_OR_T r 0.95; HABER2023_S6_NIVOLUMAB_MOLECULAR_RESISTANT_MELANOMA_DN r 0.95; ETS1/IRF1/SOX12
106	IRF1/IRF2 program	HABER2023_S6_T_HELPER_CELLS r 0.61; HALLMARK_MITOTIC_SPINDLE r 0.56; IRF1/IRF2/FOXQ1
135	Lin SIII-3 / class 1	LIN2026_SIII_3 r 0.7; ANDERSEN_CHOLANGIOCARCINOMA_CLASS1 r 0.62; ZNF148/RREB1/ZNF219
58	S1-low (BCL6/HNF1A)	DONG2022_S1_INFLAMMATION r -0.8; ANDERSEN_CHOLANGIOCARCINOMA_CLASS2 r -0.77; BCL6/HNF1A/MECOM
0	Differentiated (Dong S4)	DONG2022_S4_DIFFERENTIATION r 0.96; MARTINSERRANO2023_HEPATIC_STEM_LIKE r 0.94; ESRRA/TBX15/POU2F1
107	MYC targets	HALLMARK_MYC_TARGETS_V1 r 0.92; BOYAULT_LIVER_CANCER_SUBCLASS_G3_UP r 0.91; ZNF35/SRF/E2F4
57	Stem-cell-like (Oishi)	OISHI_CHOLANGIOMA_STEM_CELL_LIKE_UP r 0.72; DONG2022_S4_DIFFERENTIATION r 0.69; RFX1/HBP1/NFYA
128	Unfolded protein response	IIZUKA_LIVER_CANCER_PROGRESSION_G1_G2_DN r 0.63; HALLMARK_UNFOLDED_PROTEIN_RESPONSE r 0.58; GABPB1/NFE2L2/ETV6
61	EBF1/FOXJ program	ROESSLER_LIVER_CANCER_METASTASIS_DN r 0.52; OISHI_CHOLANGIOMA_STEM_CELL_LIKE_DN r -0.52; EBF1/FOXJ2/FOXJ3
74	Inflamed / T cells	MONTIRONI2023_INFLAMED r 0.96; HALLMARK_ALLOGRAFT_REJECTION r 0.96; IRF8/CEBPG/ETS1
32	ETS1/RUNX1 program	BOYAULT_LIVER_CANCER_SUBCLASS_G6_DN r 0.71; YAMASHITA_LIVER_CANCER_STEM_CELL_UP r 0.66; ETS1/BACH1/RUNX1
130	HOXB9/TCF4 program	DONG2022_S4_DIFFERENTIATION r -0.49; OISHI_CHOLANGIOMA_STEM_CELL_LIKE_UP r -0.49; HOXB9/HIC1/TCF4
101	Lin SII (PPARG)	LIN2026_SII r 0.77; GRUETZMANN_PANCREATIC_CANCER_UP r -0.77; PPARG/ZNF148/IRF8
108	DNA repair	AGUIRRE_PANCREATIC_CANCER_COPY_NUMBER_UP r 0.64; HALLMARK_DNA_REPAIR r 0.61; RARA/ETV6/ZNF143
136	Good-prognosis class 1	ANDERSEN_CHOLANGIOCARCINOMA_CLASS1 r 0.8; MARTINSERRANO2023_HEPATIC_STEM_LIKE r 0.75; GLIS2/ZNF148/ZNF219
17	Apical junction / activated HSC	HALLMARK_APICAL_JUNCTION r 0.85; JOB2020_HSCACTIVATED r 0.82; FOXA1/ZNF217/STAT5B
100	Ductal-low (HNF1A/TEAD1)	GRUETZMANN_PANCREATIC_CANCER_DN r 0.74; LIN2026_SI r -0.73; HNF1A/TEAD1/SOX13
105	Tumour classical (SOX9)	MARTINSERRANO2023_TUMOUR_CLASSICAL r 0.59; BOYAULT_LIVER_CANCER_SUBCLASS_G6_DN r 0.55; SOX9/ZNF263/ZNF217
49	Stem-cell-like progenitor (SOX9)	BOYAULT_G12_UP r 0.88; OISHI_STEM_CELL_LIKE_UP r 0.84; SOX9/FOXJ2/GATA3 (FGFR2-fusion target)
51	Progenitor (MAZ/SOX4)	BOYAULT_G12_UP r 0.71; BOYAULT_G1_UP r 0.68; MAZ/SOX4/NFATC1 (FGFR2-fusion target)
52	Stem-cell-like (POU2F1/SPDEF)	OISHI_STEM_CELL_LIKE_UP r 0.63; DONG2022_S4 r 0.63; POU2F1/PARP1/SPDEF (FGFR2-fusion target)
54	Stem-cell-like (Oishi)	OISHI_STEM_CELL_LIKE_UP r 0.90; DONG2022_S4 r 0.86; ZFX/FOSL1/CDC5L (FGFR2-fusion target)
